xmin,ymin,xmax,ymax,score,label
236.92083740234375,198.9168701171875,247.2512664794922,212.0155029296875,0.06339730322360992,3
