xmin,ymin,xmax,ymax,score,label
285.19097900390625,214.73782348632812,299.73223876953125,225.68093872070312,0.9367035031318665,3
288.34686279296875,218.92530822753906,299.30633544921875,226.16818237304688,0.2636392414569855,3
284.11004638671875,213.5771942138672,300.0589294433594,225.7255859375,0.09742958843708038,8
282.77496337890625,215.1145782470703,290.5416259765625,224.12733459472656,0.08392485231161118,3
236.83567810058594,201.03720092773438,292.3352966308594,225.83103942871094,0.05861121416091919,8
291.1544189453125,216.3791046142578,301.0727233886719,225.5538330078125,0.05175827443599701,3
