xmin,ymin,xmax,ymax,score,label
233.5469512939453,198.18792724609375,247.2645263671875,212.2199249267578,0.2988177239894867,3
