xmin,ymin,xmax,ymax,score,label
233.65370178222656,198.1994171142578,247.279296875,212.1751251220703,0.2553921937942505,3
