xmin,ymin,xmax,ymax,score,label
238.2610626220703,199.32904052734375,247.47618103027344,211.32791137695312,0.050873737782239914,3
