xmin,ymin,xmax,ymax,score,label
237.8029022216797,199.2600860595703,248.0760498046875,211.40045166015625,0.14075472950935364,3
