xmin,ymin,xmax,ymax,score,label
238.05316162109375,199.1495819091797,247.75018310546875,210.2944793701172,0.12008672207593918,3
