xmin,ymin,xmax,ymax,score,label
237.78042602539062,198.99200439453125,247.6792755126953,210.71070861816406,0.20594851672649384,3
