xmin,ymin,xmax,ymax,score,label
236.274169921875,198.3361053466797,247.822998046875,211.50918579101562,0.05016788840293884,3
