xmin,ymin,xmax,ymax,score,label
283.28228759765625,280.283447265625,368.82489013671875,309.913818359375,0.06259054690599442,3
236.48477172851562,199.06390380859375,247.17552185058594,211.4230194091797,0.05067276582121849,3
