xmin,ymin,xmax,ymax,score,label
235.06399536132812,198.02943420410156,247.4279327392578,212.1045379638672,0.06819415092468262,3
