xmin,ymin,xmax,ymax,score,label
234.58901977539062,198.2299346923828,247.49778747558594,212.3940887451172,0.12125279009342194,3
