xmin,ymin,xmax,ymax,score,label
236.20912170410156,199.18885803222656,247.30715942382812,211.850341796875,0.08666319400072098,3
