xmin,ymin,xmax,ymax,score,label
234.52491760253906,198.7671661376953,247.43408203125,212.43533325195312,0.06390827894210815,3
