xmin,ymin,xmax,ymax,score,label
233.79588317871094,199.54849243164062,247.31561279296875,212.9372100830078,0.08834050595760345,3
