xmin,ymin,xmax,ymax,score,label
231.51702880859375,198.3296356201172,247.05543518066406,211.35060119628906,0.12096073478460312,3
