xmin,ymin,xmax,ymax,score,label
237.69949340820312,199.3203125,247.4730682373047,211.3975372314453,0.05515584349632263,3
