xmin,ymin,xmax,ymax,score,label
236.6640625,198.16949462890625,248.98333740234375,211.9652862548828,0.10063569992780685,3
