xmin,ymin,xmax,ymax,score,label
231.65826416015625,198.2986602783203,246.9898681640625,211.41812133789062,0.18795429170131683,3
238.22091674804688,199.87022399902344,246.5030517578125,210.96795654296875,0.07385425269603729,3
