xmin,ymin,xmax,ymax,score,label
236.24737548828125,198.6167449951172,247.16583251953125,211.5905303955078,0.05823914706707001,3
