xmin,ymin,xmax,ymax,score,label
235.90528869628906,198.66802978515625,247.2730712890625,212.16839599609375,0.06032385304570198,3
