xmin,ymin,xmax,ymax,score,label
236.53285217285156,198.80137634277344,247.8634796142578,212.32151794433594,0.10650049895048141,3
