xmin,ymin,xmax,ymax,score,label
235.0619354248047,198.49452209472656,247.8708038330078,212.6951904296875,0.08669541031122208,3
