xmin,ymin,xmax,ymax,score,label
234.5847625732422,198.84793090820312,247.68719482421875,212.98162841796875,0.10425394773483276,3
