xmin,ymin,xmax,ymax,score,label
234.37600708007812,199.29962158203125,247.62588500976562,212.97119140625,0.05276472494006157,3
