xmin,ymin,xmax,ymax,score,label
234.96478271484375,198.72085571289062,247.4373321533203,212.57029724121094,0.17011085152626038,3
