xmin,ymin,xmax,ymax,score,label
233.31106567382812,198.36105346679688,247.3465118408203,212.5706329345703,0.11417598277330399,3
