xmin,ymin,xmax,ymax,score,label
233.5316619873047,198.70606994628906,247.4947052001953,212.42417907714844,0.07460416108369827,3
