xmin,ymin,xmax,ymax,score,label
233.2650909423828,198.40216064453125,247.60565185546875,212.15740966796875,0.05285552516579628,3
