xmin,ymin,xmax,ymax,score,label
237.40472412109375,199.37925720214844,247.29603576660156,212.15126037597656,0.0710303783416748,3
