xmin,ymin,xmax,ymax,score,label
234.50167846679688,198.4311981201172,247.32521057128906,212.06549072265625,0.05146941915154457,3
