xmin,ymin,xmax,ymax,score,label
238.06947326660156,199.3935546875,247.18983459472656,211.96231079101562,0.19228364527225494,3
