xmin,ymin,xmax,ymax,score,label
238.17677307128906,199.2952117919922,247.48101806640625,211.79783630371094,0.23295259475708008,3
