xmin,ymin,xmax,ymax,score,label
234.36997985839844,198.11541748046875,247.67604064941406,212.51634216308594,0.17475901544094086,3
237.84767150878906,198.4853973388672,246.32809448242188,207.35305786132812,0.06313056498765945,3
