xmin,ymin,xmax,ymax,score,label
234.52859497070312,198.4247589111328,247.65931701660156,212.27239990234375,0.2592798173427582,3
234.38734436035156,198.4276123046875,247.53163146972656,212.49887084960938,0.05037883296608925,8
