xmin,ymin,xmax,ymax,score,label
235.5896453857422,198.71817016601562,247.84719848632812,212.56570434570312,0.2026282697916031,3
236.75222778320312,198.70510864257812,248.7037353515625,212.33937072753906,0.07702159881591797,8
