xmin,ymin,xmax,ymax,score,label
237.4100799560547,199.24122619628906,247.42257690429688,211.87110900878906,0.057816311717033386,3
