xmin,ymin,xmax,ymax,score,label
236.85813903808594,199.27439880371094,247.42367553710938,211.94149780273438,0.07643291354179382,3
