xmin,ymin,xmax,ymax,score,label
235.79254150390625,199.23976135253906,247.6658935546875,212.15023803710938,0.1080496683716774,3
