xmin,ymin,xmax,ymax,score,label
233.75039672851562,198.65380859375,247.4995574951172,212.74720764160156,0.0857425183057785,3
