xmin,ymin,xmax,ymax,score,label
236.93661499023438,199.56201171875,247.47396850585938,212.1402130126953,0.09224943071603775,3
