xmin,ymin,xmax,ymax,score,label
234.38856506347656,198.66221618652344,247.8711700439453,213.2108154296875,0.06340005993843079,3
