xmin,ymin,xmax,ymax,score,label
234.9889678955078,198.70928955078125,247.40579223632812,212.74032592773438,0.08935417979955673,3
