xmin,ymin,xmax,ymax,score,label
236.4392852783203,197.8697052001953,246.07632446289062,210.9968719482422,0.07216011732816696,3
