xmin,ymin,xmax,ymax,score,label
234.7877960205078,197.01748657226562,247.4642791748047,211.0224151611328,0.0998932272195816,3
