xmin,ymin,xmax,ymax,score,label
234.16656494140625,197.54298400878906,247.7889404296875,212.1541748046875,0.06323660165071487,3
