xmin,ymin,xmax,ymax,score,label
236.3157958984375,197.7796630859375,248.6949005126953,211.9253692626953,0.05332538112998009,3
