xmin,ymin,xmax,ymax,score,label
238.91517639160156,196.8148956298828,246.86170959472656,202.59249877929688,0.06294064223766327,3
