xmin,ymin,xmax,ymax,score,label
239.17623901367188,196.8908233642578,247.73233032226562,202.7142791748047,0.05182343348860741,3
