xmin,ymin,xmax,ymax,score,label
237.3214874267578,199.97792053222656,247.67111206054688,211.65301513671875,0.08248388767242432,3
248.24517822265625,196.8841094970703,254.46958923339844,202.8276824951172,0.06600163877010345,3
