xmin,ymin,xmax,ymax,score,label
249.0957794189453,197.85633850097656,255.5567626953125,203.89120483398438,0.061357639729976654,3
