xmin,ymin,xmax,ymax,score,label
248.525390625,197.8303680419922,255.57144165039062,203.92433166503906,0.06288884580135345,3
