xmin,ymin,xmax,ymax,score,label
248.5038604736328,197.99563598632812,255.64163208007812,204.11570739746094,0.07630012184381485,3
