xmin,ymin,xmax,ymax,score,label
249.28968811035156,198.171630859375,256.2244873046875,204.12472534179688,0.07484713196754456,3
