xmin,ymin,xmax,ymax,score,label
249.21826171875,198.44033813476562,256.4705810546875,204.5927276611328,0.06458098441362381,3
