xmin,ymin,xmax,ymax,score,label
249.82322692871094,198.48068237304688,257.7865905761719,204.8092498779297,0.08499959111213684,3
