xmin,ymin,xmax,ymax,score,label
250.4713897705078,198.42550659179688,257.5249938964844,204.57606506347656,0.15488658845424652,3
