xmin,ymin,xmax,ymax,score,label
251.1952362060547,198.57542419433594,257.8047180175781,205.13084411621094,0.08044586330652237,3
251.54937744140625,198.23866271972656,257.5960693359375,205.21766662597656,0.06402813643217087,1
