xmin,ymin,xmax,ymax,score,label
251.6337127685547,199.64385986328125,258.4072265625,205.49484252929688,0.36879682540893555,3
251.53257751464844,199.6278533935547,258.3644104003906,205.4965362548828,0.10793976485729218,8
