xmin,ymin,xmax,ymax,score,label
251.75901794433594,199.35719299316406,258.77362060546875,205.34707641601562,0.2897433638572693,3
251.035888671875,199.51498413085938,258.9578857421875,205.58375549316406,0.08297739923000336,8
