xmin,ymin,xmax,ymax,score,label
252.49655151367188,199.10536193847656,259.93896484375,205.5277862548828,0.24687576293945312,3
