xmin,ymin,xmax,ymax,score,label
253.29263305664062,198.85321044921875,260.2596740722656,205.52487182617188,0.4284742474555969,3
252.52792358398438,198.92945861816406,260.51910400390625,205.72654724121094,0.1010812446475029,8
