xmin,ymin,xmax,ymax,score,label
254.06268310546875,199.1647186279297,260.5779113769531,205.62417602539062,0.3182978630065918,3
253.31007385253906,199.16453552246094,260.8685607910156,206.0177001953125,0.07717408239841461,8
