xmin,ymin,xmax,ymax,score,label
255.26914978027344,199.40914916992188,260.1471862792969,206.84349060058594,0.18717211484909058,1
254.0499267578125,199.71209716796875,261.3045349121094,206.56871032714844,0.18477874994277954,3
253.9066162109375,199.66217041015625,261.311279296875,206.63705444335938,0.07442700117826462,8
