xmin,ymin,xmax,ymax,score,label
255.10008239746094,199.88279724121094,261.7864685058594,206.8651885986328,0.5121267437934875,3
254.98719787597656,199.8325958251953,261.9834899902344,207.3773956298828,0.22936978936195374,8
235.88414001464844,198.76707458496094,249.05824279785156,211.92364501953125,0.12195736169815063,3
255.5062255859375,202.7245635986328,261.5624694824219,207.86788940429688,0.05103893578052521,3
