xmin,ymin,xmax,ymax,score,label
237.69366455078125,198.7582550048828,246.82432556152344,209.79786682128906,0.06939659267663956,3
