xmin,ymin,xmax,ymax,score,label
255.21490478515625,200.06285095214844,262.1078796386719,206.71658325195312,0.22773651778697968,3
255.08094787597656,199.85630798339844,262.07977294921875,206.79202270507812,0.0823393166065216,8
