xmin,ymin,xmax,ymax,score,label
256.30413818359375,199.8677520751953,262.77435302734375,206.60145568847656,0.428904265165329,3
255.8840789794922,199.79806518554688,263.0470275878906,207.0557861328125,0.2329966276884079,8
236.4350128173828,199.26145935058594,248.81687927246094,212.9853973388672,0.06985920667648315,3
