xmin,ymin,xmax,ymax,score,label
256.64031982421875,200.22010803222656,263.4934997558594,206.67486572265625,0.4635138213634491,3
256.5728454589844,200.04095458984375,263.5185852050781,206.7087860107422,0.21311703324317932,8
