xmin,ymin,xmax,ymax,score,label
257.0728759765625,200.27780151367188,264.23260498046875,207.2008819580078,0.5090776681900024,3
256.046630859375,199.7732391357422,266.4197082519531,209.55201721191406,0.11527100205421448,3
235.8887481689453,199.37435913085938,247.91464233398438,212.82708740234375,0.10147002339363098,3
256.80462646484375,200.08412170410156,264.02532958984375,207.25668334960938,0.08509072661399841,8
257.93463134765625,202.7275390625,264.2209167480469,208.513671875,0.05930059403181076,3
