xmin,ymin,xmax,ymax,score,label
257.823974609375,201.1265106201172,264.9456787109375,207.57069396972656,0.6369678378105164,3
257.7896423339844,200.93740844726562,264.9058837890625,207.5975341796875,0.13655191659927368,8
236.3095245361328,199.46170043945312,248.6205596923828,212.87435913085938,0.10482386499643326,3
256.5850830078125,200.79998779296875,266.8147277832031,209.81777954101562,0.09925582259893417,3
256.03887939453125,199.68190002441406,266.2130126953125,209.1929168701172,0.05945955961942673,8
