xmin,ymin,xmax,ymax,score,label
258.2699279785156,201.29136657714844,265.91827392578125,207.9994354248047,0.09759112447500229,3
