xmin,ymin,xmax,ymax,score,label
258.9347839355469,201.46446228027344,266.5360412597656,207.93972778320312,0.5141777396202087,3
258.7740783691406,201.20741271972656,266.5914001464844,207.94393920898438,0.20506170392036438,8
