xmin,ymin,xmax,ymax,score,label
259.420166015625,201.26832580566406,266.83843994140625,208.09083557128906,0.5668731927871704,3
258.87799072265625,201.3883819580078,267.0624694824219,208.22457885742188,0.3685885965824127,8
