xmin,ymin,xmax,ymax,score,label
260.0238037109375,201.7508087158203,267.7039794921875,208.57229614257812,0.5605950951576233,3
259.4615173339844,201.18179321289062,268.0771179199219,208.60203552246094,0.08838924765586853,8
