xmin,ymin,xmax,ymax,score,label
260.4667053222656,202.06837463378906,268.7900085449219,209.2059326171875,0.4894232153892517,3
260.8376770019531,204.965087890625,267.6152648925781,209.7613067626953,0.15563620626926422,3
260.1893310546875,201.23667907714844,268.82928466796875,209.00901794433594,0.10957562178373337,8
