xmin,ymin,xmax,ymax,score,label
237.776611328125,199.7013702392578,247.43511962890625,210.3892059326172,0.09234582632780075,3
