xmin,ymin,xmax,ymax,score,label
261.09039306640625,202.1697540283203,269.83831787109375,209.22898864746094,0.7723045349121094,3
260.92431640625,201.92996215820312,269.8485107421875,209.1645050048828,0.07649286836385727,8
