xmin,ymin,xmax,ymax,score,label
261.66064453125,202.1513214111328,270.05810546875,209.1829376220703,0.6902346014976501,3
261.5042724609375,201.91510009765625,270.0574645996094,209.1402587890625,0.0552586168050766,8
