xmin,ymin,xmax,ymax,score,label
262.2535095214844,202.24691772460938,270.9073486328125,209.1566619873047,0.6821509599685669,3
