xmin,ymin,xmax,ymax,score,label
263.8666687011719,201.96371459960938,271.50885009765625,209.68911743164062,0.7288481593132019,3
263.6916198730469,201.91075134277344,271.70147705078125,209.4933319091797,0.10943245887756348,8
