xmin,ymin,xmax,ymax,score,label
264.31512451171875,203.29425048828125,271.9938049316406,210.7372283935547,0.6130388379096985,3
263.9874267578125,202.85862731933594,271.94305419921875,210.49085998535156,0.28452327847480774,8
