xmin,ymin,xmax,ymax,score,label
265.0357971191406,203.37338256835938,273.9584045410156,211.2839813232422,0.6759943962097168,3
264.8905334472656,203.180908203125,273.9791564941406,211.25021362304688,0.09873265773057938,8
