xmin,ymin,xmax,ymax,score,label
265.7882385253906,203.47206115722656,274.0785827636719,211.48658752441406,0.6411948800086975,3
265.647216796875,203.2750701904297,274.0640869140625,211.4461212158203,0.22704266011714935,8
