xmin,ymin,xmax,ymax,score,label
266.4411315917969,203.61782836914062,275.32269287109375,211.55963134765625,0.7180517911911011,3
266.1094055175781,203.1847686767578,275.41986083984375,211.32139587402344,0.2827988862991333,8
235.54721069335938,198.8582000732422,247.7558135986328,212.77740478515625,0.056258078664541245,3
