xmin,ymin,xmax,ymax,score,label
267.6490173339844,203.6359100341797,276.0523986816406,211.56053161621094,0.6523624062538147,3
267.1387023925781,203.18663024902344,276.1805725097656,211.39939880371094,0.3926953971385956,8
