xmin,ymin,xmax,ymax,score,label
268.4621276855469,204.8802947998047,276.7654724121094,212.09507751464844,0.7170736789703369,3
268.29705810546875,204.22836303710938,277.0356140136719,211.9967498779297,0.3051725924015045,8
235.06314086914062,198.8362579345703,247.74569702148438,212.8828887939453,0.07335204631090164,3
