xmin,ymin,xmax,ymax,score,label
269.2079162597656,205.9128875732422,277.42755126953125,212.92770385742188,0.8401339650154114,3
268.472900390625,204.4392547607422,278.0494384765625,213.17723083496094,0.2323075383901596,8
235.4298095703125,198.51962280273438,247.81552124023438,212.2588653564453,0.0771065205335617,3
