xmin,ymin,xmax,ymax,score,label
269.8917541503906,205.57437133789062,278.7525329589844,213.1335906982422,0.883328914642334,3
269.1316833496094,204.6669921875,279.2093200683594,213.19395446777344,0.21103790402412415,8
236.08999633789062,199.24281311035156,248.2942352294922,213.09107971191406,0.11966447532176971,3
269.3349304199219,208.62811279296875,277.3108215332031,214.0437469482422,0.05564205348491669,3
