xmin,ymin,xmax,ymax,score,label
270.4142150878906,204.90557861328125,279.7458801269531,213.3626251220703,0.8816791772842407,3
235.77072143554688,198.48814392089844,247.4136505126953,212.0020294189453,0.33081305027008057,3
270.0610046386719,204.3187255859375,280.0433349609375,213.1091766357422,0.27548423409461975,8
238.3146514892578,202.3994903564453,246.5124969482422,212.21517944335938,0.05516335368156433,3
