xmin,ymin,xmax,ymax,score,label
271.24420166015625,204.8219757080078,280.5569763183594,212.99392700195312,0.8365960717201233,3
270.2544860839844,204.1679229736328,281.1305236816406,212.96836853027344,0.3526935279369354,8
236.1376190185547,199.30203247070312,248.0011444091797,212.7209930419922,0.1299927830696106,3
