xmin,ymin,xmax,ymax,score,label
272.5916748046875,205.57276916503906,282.0693359375,213.99642944335938,0.8287736177444458,3
271.50030517578125,204.5235137939453,282.5142517089844,213.9311065673828,0.358561247587204,8
236.36642456054688,199.1475372314453,247.83843994140625,212.55868530273438,0.17805765569210052,3
272.28582763671875,210.7151336669922,281.5217590332031,215.17210388183594,0.05477161705493927,3
