xmin,ymin,xmax,ymax,score,label
273.1436767578125,206.67282104492188,282.6730041503906,214.57411193847656,0.7354390621185303,3
272.3939208984375,205.59890747070312,283.0207214355469,215.01390075683594,0.46829041838645935,8
273.3489685058594,210.02047729492188,281.9792785644531,215.31625366210938,0.25752532482147217,3
234.95736694335938,199.1875,247.74293518066406,213.54942321777344,0.09620390087366104,3
