xmin,ymin,xmax,ymax,score,label
274.4275207519531,206.09762573242188,283.8714294433594,215.34471130371094,0.7712761759757996,3
273.7476501464844,205.98114013671875,284.2138977050781,215.3098907470703,0.39343515038490295,8
234.6939239501953,198.25482177734375,247.85462951660156,213.08822631835938,0.13829638063907623,3
273.9324951171875,209.9874725341797,283.048828125,216.20986938476562,0.09872026741504669,3
