xmin,ymin,xmax,ymax,score,label
275.3340148925781,206.32643127441406,284.4807434082031,214.9197235107422,0.7910539507865906,3
274.3203430175781,205.70510864257812,284.79107666015625,215.2435760498047,0.36025434732437134,8
235.181640625,198.95455932617188,247.3231964111328,212.74327087402344,0.1904698759317398,3
275.0195617675781,209.83970642089844,284.1725769042969,216.4580535888672,0.0676531046628952,3
