xmin,ymin,xmax,ymax,score,label
276.16363525390625,205.98426818847656,285.7293701171875,215.3014373779297,0.7887669801712036,3
275.16448974609375,205.33396911621094,286.074462890625,215.09754943847656,0.3427433967590332,8
235.2254638671875,199.17330932617188,247.2947540283203,212.70338439941406,0.2809005677700043,3
276.58514404296875,210.3392791748047,285.8589782714844,216.14324951171875,0.11186731606721878,3
235.0813751220703,198.7848358154297,247.23977661132812,212.85748291015625,0.05581323802471161,8
