xmin,ymin,xmax,ymax,score,label
277.3427734375,207.3141632080078,287.5377502441406,216.3108673095703,0.8624139428138733,3
237.17263793945312,198.6129608154297,248.63201904296875,212.3153533935547,0.32070720195770264,3
277.04296875,206.87815856933594,287.64752197265625,216.2877960205078,0.20704056322574615,8
283.5003967285156,190.94923400878906,294.849365234375,197.7105255126953,0.16861189901828766,3
239.26162719726562,201.9549102783203,246.8783721923828,211.76968383789062,0.07525018602609634,3
235.82952880859375,199.06588745117188,248.00669860839844,213.03411865234375,0.054775483906269073,8
