xmin,ymin,xmax,ymax,score,label
278.8464660644531,207.61875915527344,288.3353576660156,217.3799591064453,0.7790698409080505,3
277.70458984375,207.32432556152344,288.6354064941406,217.52272033691406,0.30406656861305237,8
279.1710205078125,213.16595458984375,287.7159729003906,218.5542449951172,0.0921919196844101,3
236.68463134765625,199.16192626953125,248.68711853027344,212.65921020507812,0.0662912055850029,3
