xmin,ymin,xmax,ymax,score,label
279.67340087890625,208.03395080566406,289.0843505859375,217.61936950683594,0.8355205655097961,3
279.2510681152344,207.64889526367188,289.36053466796875,217.66751098632812,0.28664055466651917,8
279.48779296875,212.69105529785156,288.4227294921875,218.61224365234375,0.21410422027111053,3
235.92813110351562,199.02606201171875,248.3739776611328,212.54403686523438,0.11173295974731445,3
