xmin,ymin,xmax,ymax,score,label
280.4193420410156,209.49649047851562,289.76806640625,217.6566162109375,0.8060804009437561,3
279.84429931640625,207.6204376220703,290.35906982421875,217.78524780273438,0.40988466143608093,8
279.8334655761719,213.29347229003906,289.04248046875,219.06466674804688,0.17035363614559174,3
280.6482238769531,207.01901245117188,289.2661437988281,214.94378662109375,0.1251429170370102,3
234.70848083496094,198.5847625732422,247.940185546875,212.67135620117188,0.10778945684432983,3
