xmin,ymin,xmax,ymax,score,label
281.50408935546875,209.9088897705078,291.314208984375,217.5044708251953,0.757710337638855,3
280.9984436035156,207.76478576660156,291.83349609375,217.7749786376953,0.5012161731719971,8
280.8599548339844,212.69296264648438,289.71112060546875,218.60272216796875,0.12837019562721252,3
282.14569091796875,207.26246643066406,291.0540771484375,214.90628051757812,0.11308463662862778,3
235.33319091796875,198.20164489746094,248.32212829589844,212.02552795410156,0.1010170504450798,3
281.2912292480469,212.59669494628906,291.2765197753906,218.35939025878906,0.05868745967745781,8
