xmin,ymin,xmax,ymax,score,label
282.9037170410156,210.36109924316406,292.6574401855469,218.4552001953125,0.756833016872406,3
282.07611083984375,208.60833740234375,293.32958984375,218.50247192382812,0.43936723470687866,8
283.4444580078125,208.85235595703125,291.97369384765625,214.84803771972656,0.1147407740354538,3
282.1622009277344,215.6128692626953,291.6117248535156,220.15516662597656,0.05188606679439545,3
