xmin,ymin,xmax,ymax,score,label
283.5734558105469,210.72889709472656,293.8955383300781,219.06668090820312,0.8562888503074646,3
284.7942810058594,208.9327850341797,293.7178955078125,216.34364318847656,0.29873573780059814,3
282.8265075683594,208.30917358398438,294.3436279296875,219.0029754638672,0.2914282977581024,8
284.2400817871094,212.08004760742188,293.7904968261719,218.3494415283203,0.05534898489713669,8
