xmin,ymin,xmax,ymax,score,label
285.0342102050781,211.20086669921875,295.07562255859375,219.05784606933594,0.7012374401092529,3
284.1329345703125,209.30133056640625,295.58575439453125,219.67576599121094,0.4307372570037842,8
284.848876953125,215.06275939941406,294.5267333984375,220.81491088867188,0.102749302983284,3
283.702392578125,211.4023895263672,289.851318359375,217.64915466308594,0.06392555683851242,3
285.44696044921875,209.3667449951172,294.2417297363281,216.2192840576172,0.0512922927737236,3
