xmin,ymin,xmax,ymax,score,label
285.80950927734375,211.40811157226562,296.4883728027344,219.6763153076172,0.6960087418556213,3
284.96588134765625,209.98550415039062,296.9327392578125,220.0959014892578,0.4050534963607788,8
286.090576171875,215.184326171875,295.6415710449219,220.67698669433594,0.32175686955451965,3
284.6837463378906,192.38624572753906,294.7208557128906,197.56227111816406,0.11424452811479568,3
285.3009033203125,211.80914306640625,293.0578918457031,218.10870361328125,0.10201713442802429,3
233.62332153320312,197.89505004882812,247.48031616210938,213.0414581298828,0.0638197660446167,3
284.0848388671875,214.22802734375,293.2957458496094,219.88067626953125,0.06101159751415253,3
283.48931884765625,211.79945373535156,288.19775390625,217.27728271484375,0.060450147837400436,3
