xmin,ymin,xmax,ymax,score,label
288.28826904296875,211.83128356933594,299.0064392089844,220.8061981201172,0.7831491231918335,3
287.56781005859375,210.3225555419922,299.5674743652344,220.8232879638672,0.3563055396080017,8
289.65838623046875,211.090087890625,298.7561340332031,217.15652465820312,0.35487961769104004,3
287.86065673828125,215.6190185546875,296.2015075683594,221.4967498779297,0.0791625827550888,3
