xmin,ymin,xmax,ymax,score,label
289.2080993652344,211.6223602294922,300.8579406738281,222.0301513671875,0.8122047185897827,3
288.464111328125,210.34573364257812,301.0713195800781,222.19012451171875,0.3383405804634094,8
290.4164733886719,210.8050994873047,300.3726806640625,217.54173278808594,0.217463418841362,3
