xmin,ymin,xmax,ymax,score,label
289.67547607421875,211.75379943847656,301.7342224121094,222.5570526123047,0.8066225051879883,3
290.9946594238281,211.07725524902344,301.3055114746094,217.52886962890625,0.47216564416885376,3
288.96453857421875,210.6439666748047,302.0411376953125,222.5477294921875,0.34317994117736816,8
289.0078125,216.3304901123047,299.4192810058594,222.80564880371094,0.1887405812740326,3
290.92742919921875,210.88038635253906,301.36187744140625,217.71182250976562,0.057845063507556915,8
284.544677734375,191.68980407714844,294.9411926269531,197.37271118164062,0.05680548772215843,3
