xmin,ymin,xmax,ymax,score,label
290.7248840332031,211.64830017089844,302.95916748046875,223.03868103027344,0.7845854759216309,3
290.0465087890625,210.86679077148438,303.2220764160156,222.98049926757812,0.35829466581344604,8
291.72845458984375,210.8403778076172,302.4344482421875,217.4829559326172,0.28358447551727295,3
290.8898010253906,216.9436492919922,302.0210266113281,223.58396911621094,0.08519856631755829,3
