xmin,ymin,xmax,ymax,score,label
291.05767822265625,211.21376037597656,304.70343017578125,222.63726806640625,0.7301858067512512,3
290.9059753417969,210.79226684570312,304.5984802246094,223.0284423828125,0.5065779089927673,8
292.5686950683594,210.7435302734375,303.733642578125,217.87786865234375,0.2852267026901245,3
292.4324035644531,210.5230712890625,303.8163757324219,218.0721435546875,0.06876127421855927,8
291.9046325683594,216.9412841796875,303.2754821777344,223.52798461914062,0.065056212246418,3
