xmin,ymin,xmax,ymax,score,label
292.47882080078125,212.58401489257812,305.4718933105469,223.901611328125,0.7118293046951294,3
291.9533996582031,211.63514709472656,305.4842224121094,223.74331665039062,0.46710005402565,8
234.714111328125,199.05160522460938,247.7752685546875,212.8245086669922,0.05638531595468521,3
