xmin,ymin,xmax,ymax,score,label
293.5759582519531,213.03004455566406,307.55877685546875,224.80862426757812,0.8066989779472351,3
295.4518737792969,212.28111267089844,306.2658996582031,219.30252075195312,0.26859337091445923,3
292.732666015625,217.83541870117188,304.5727233886719,224.77796936035156,0.24924129247665405,3
293.33831787109375,212.35137939453125,307.59661865234375,224.86546325683594,0.24747878313064575,8
296.6300048828125,210.95826721191406,306.6376953125,215.7268829345703,0.0515759252011776,3
