xmin,ymin,xmax,ymax,score,label
295.6165771484375,213.48928833007812,308.8429260253906,225.41575622558594,0.9126896262168884,3
294.32342529296875,212.90509033203125,308.4430847167969,225.36207580566406,0.12315188348293304,8
296.9642028808594,212.4520263671875,307.876953125,221.0330810546875,0.08613167703151703,3
