xmin,ymin,xmax,ymax,score,label
296.1895751953125,213.46726989746094,309.2237854003906,225.5484619140625,0.818645179271698,3
295.3153076171875,212.83018493652344,309.47845458984375,225.66397094726562,0.2866387665271759,8
296.8007507324219,219.1101531982422,308.5122985839844,225.6367645263672,0.11598031222820282,3
