xmin,ymin,xmax,ymax,score,label
297.6596374511719,213.15870666503906,310.51129150390625,226.4617156982422,0.8019110560417175,3
296.2954406738281,212.8189697265625,310.9067687988281,226.2637176513672,0.3093634843826294,8
