xmin,ymin,xmax,ymax,score,label
299.2411193847656,213.28883361816406,312.0489807128906,226.70501708984375,0.7864584922790527,3
298.3357849121094,212.83197021484375,312.4336242675781,226.71788024902344,0.30045247077941895,8
292.0800476074219,217.53823852539062,298.21295166015625,223.98670959472656,0.13127121329307556,3
300.4217834472656,212.15589904785156,311.5805358886719,220.6007843017578,0.05470453202724457,3
