xmin,ymin,xmax,ymax,score,label
300.0263977050781,213.8854522705078,313.34619140625,227.0192413330078,0.7860569357872009,3
299.51739501953125,213.85406494140625,313.6405029296875,227.1484375,0.3006541430950165,8
