xmin,ymin,xmax,ymax,score,label
300.147705078125,214.2480926513672,315.08099365234375,227.89784240722656,0.8291945457458496,3
298.89801025390625,214.29415893554688,315.4045104980469,227.74024963378906,0.22574608027935028,8
299.916259765625,220.2344207763672,313.54779052734375,227.68446350097656,0.07412777096033096,3
