xmin,ymin,xmax,ymax,score,label
300.4844055175781,214.20846557617188,316.5400390625,227.88319396972656,0.8340243101119995,3
300.71368408203125,214.17845153808594,316.7279968261719,228.04873657226562,0.23717185854911804,8
