xmin,ymin,xmax,ymax,score,label
302.3518981933594,214.45030212402344,318.032958984375,228.50360107421875,0.8605858683586121,3
302.1442565917969,213.97784423828125,317.6451110839844,228.42369079589844,0.27478262782096863,8
235.79473876953125,198.51756286621094,248.10960388183594,212.28628540039062,0.05406973510980606,3
