xmin,ymin,xmax,ymax,score,label
303.9644775390625,215.09397888183594,319.404052734375,229.3837127685547,0.8986172080039978,3
302.7809753417969,215.47216796875,319.719482421875,229.44227600097656,0.2049800455570221,8
235.02000427246094,198.10531616210938,247.62265014648438,212.1052703857422,0.06142911687493324,3
