xmin,ymin,xmax,ymax,score,label
304.7339782714844,215.50193786621094,320.6712341308594,230.30030822753906,0.747736930847168,3
304.041748046875,215.83828735351562,320.4250793457031,230.31552124023438,0.3593076467514038,8
304.3218994140625,222.30764770507812,318.75201416015625,230.02696228027344,0.2683125436306,3
