xmin,ymin,xmax,ymax,score,label
306.8404235839844,220.89886474609375,321.5030212402344,231.76925659179688,0.5869281888008118,3
305.8006591796875,216.32846069335938,321.8700256347656,231.2132568359375,0.5143255591392517,8
309.8120422363281,216.30201721191406,321.38665771484375,227.0405731201172,0.14703521132469177,3
303.33441162109375,214.7115478515625,321.0743408203125,230.80999755859375,0.057448744773864746,3
