xmin,ymin,xmax,ymax,score,label
306.7563781738281,216.4004364013672,323.6621398925781,231.8116912841797,0.6340156197547913,8
306.92401123046875,220.07460021972656,323.34735107421875,232.37767028808594,0.5810865759849548,3
310.0751647949219,216.6029052734375,322.97955322265625,228.3245849609375,0.06828615814447403,3
