xmin,ymin,xmax,ymax,score,label
308.17022705078125,218.5684051513672,324.3058166503906,232.26502990722656,0.717820942401886,3
308.1617431640625,216.0825653076172,324.86212158203125,232.24046325683594,0.4070862829685211,8
