xmin,ymin,xmax,ymax,score,label
310.0753479003906,217.83602905273438,326.1446228027344,232.6182403564453,0.653188169002533,3
309.27850341796875,216.751708984375,326.0731201171875,232.39019775390625,0.4268655478954315,8
