xmin,ymin,xmax,ymax,score,label
310.1601257324219,217.2924041748047,327.76141357421875,234.03182983398438,0.8496922254562378,3
309.5071716308594,216.78182983398438,328.1250305175781,233.70480346679688,0.1918860822916031,8
