xmin,ymin,xmax,ymax,score,label
310.1003723144531,217.87112426757812,329.4981689453125,234.68629455566406,0.798890233039856,3
310.3717956542969,217.6712646484375,329.3082275390625,234.62892150878906,0.24127815663814545,8
315.51422119140625,217.90469360351562,329.1522521972656,228.83978271484375,0.09648448973894119,3
