xmin,ymin,xmax,ymax,score,label
311.44024658203125,219.52490234375,330.7679748535156,235.9759063720703,0.6701104044914246,3
310.6653747558594,217.61875915527344,330.73162841796875,235.44871520996094,0.43903622031211853,8
317.44610595703125,217.98863220214844,329.6903991699219,227.8248748779297,0.056030791252851486,3
