xmin,ymin,xmax,ymax,score,label
312.38116455078125,219.42652893066406,332.8384094238281,236.1028594970703,0.7868909239768982,3
313.18975830078125,218.6245880126953,332.8233947753906,235.6420135498047,0.3476007580757141,8
318.2808837890625,219.23973083496094,331.7630310058594,229.51443481445312,0.10857020318508148,3
