xmin,ymin,xmax,ymax,score,label
314.0482482910156,219.98248291015625,333.81329345703125,236.64772033691406,0.7419546842575073,3
313.80877685546875,218.7288818359375,333.89599609375,236.433349609375,0.420731782913208,8
236.75094604492188,199.07870483398438,247.9659423828125,211.82164001464844,0.05115780606865883,3
