xmin,ymin,xmax,ymax,score,label
316.70306396484375,221.4285430908203,335.3948669433594,237.58580017089844,0.7586026191711426,3
315.9285888671875,219.77780151367188,335.44012451171875,236.77223205566406,0.5238757133483887,8
320.6905212402344,220.4695281982422,335.30926513671875,231.4591522216797,0.1261792778968811,3
