xmin,ymin,xmax,ymax,score,label
316.6771545410156,221.72450256347656,336.1859130859375,238.01976013183594,0.7204670310020447,3
317.1827087402344,220.83082580566406,336.6328125,238.2703094482422,0.45052358508110046,8
