xmin,ymin,xmax,ymax,score,label
317.6182861328125,222.44537353515625,338.539306640625,239.45594787597656,0.6220018267631531,3
318.09796142578125,221.5895233154297,338.7088928222656,239.34690856933594,0.5483173131942749,8
323.36572265625,221.21188354492188,337.56658935546875,232.02687072753906,0.0532362274825573,3
