xmin,ymin,xmax,ymax,score,label
319.1094055175781,221.9261932373047,339.8604736328125,239.81985473632812,0.6015530228614807,8
318.2466125488281,223.33982849121094,339.8182678222656,240.13902282714844,0.5617387890815735,3
324.0078125,221.2842559814453,339.20416259765625,236.04544067382812,0.05704145133495331,3
