xmin,ymin,xmax,ymax,score,label
318.4686584472656,221.68479919433594,341.0267639160156,240.0478515625,0.7784337401390076,8
319.3594665527344,223.877685546875,341.17486572265625,240.63623046875,0.33342573046684265,3
235.8238525390625,199.07579040527344,247.66481018066406,212.8415069580078,0.057576727122068405,3
