xmin,ymin,xmax,ymax,score,label
320.2755126953125,223.88890075683594,342.98675537109375,241.1546173095703,0.5942355990409851,3
319.95074462890625,221.97869873046875,343.47509765625,240.8637237548828,0.5320767164230347,8
326.11163330078125,221.16973876953125,342.6319274902344,236.56710815429688,0.05007927492260933,3
