xmin,ymin,xmax,ymax,score,label
321.1734924316406,222.50648498535156,345.1885070800781,241.9781036376953,0.6275619864463806,8
321.34637451171875,224.54444885253906,344.8479309082031,242.18116760253906,0.6001427173614502,3
234.96832275390625,199.24586486816406,247.26597595214844,213.20875549316406,0.13214202225208282,3
328.9144592285156,221.7504425048828,342.7097473144531,229.7659454345703,0.05429279804229736,3
