xmin,ymin,xmax,ymax,score,label
322.3853759765625,223.52076721191406,346.6346130371094,242.8151397705078,0.7322047352790833,3
322.7454833984375,222.4189910888672,347.1010437011719,242.7550811767578,0.4316915273666382,8
234.90560913085938,199.14703369140625,247.3101806640625,213.04159545898438,0.14457844197750092,3
