xmin,ymin,xmax,ymax,score,label
323.8365173339844,224.0679168701172,348.3900451660156,243.3478240966797,0.8919550776481628,3
324.6616516113281,223.2924346923828,348.4815979003906,243.43617248535156,0.18407082557678223,8
236.1917724609375,199.49610900878906,247.0562744140625,211.9037322998047,0.06977662444114685,3
