xmin,ymin,xmax,ymax,score,label
324.5584716796875,223.61285400390625,349.5091552734375,243.8144073486328,0.8928150534629822,3
325.1858825683594,223.02040100097656,350.0325012207031,244.0545654296875,0.20135542750358582,8
233.76174926757812,198.761474609375,247.67247009277344,212.69729614257812,0.12700903415679932,3
