xmin,ymin,xmax,ymax,score,label
326.1189270019531,224.40492248535156,351.44842529296875,245.12930297851562,0.9423206448554993,3
324.7291564941406,222.9449920654297,351.1327819824219,244.2186279296875,0.10511209815740585,8
