xmin,ymin,xmax,ymax,score,label
325.99444580078125,224.59837341308594,352.50872802734375,245.8637237548828,0.9324995279312134,3
326.581787109375,224.2916259765625,353.22607421875,245.48744201660156,0.15787743031978607,8
