xmin,ymin,xmax,ymax,score,label
327.2108154296875,225.7407684326172,355.35040283203125,246.52857971191406,0.9538623690605164,3
326.5765686035156,224.5071563720703,354.3653869628906,245.8947296142578,0.08770150691270828,8
237.8564910888672,199.19117736816406,247.3129119873047,211.349609375,0.06333056837320328,3
