xmin,ymin,xmax,ymax,score,label
327.338134765625,225.3829803466797,356.9067077636719,247.9888153076172,0.9705082178115845,3
328.0597839355469,224.9485321044922,357.6645202636719,247.89755249023438,0.05342082679271698,8
