xmin,ymin,xmax,ymax,score,label
331.35076904296875,225.90451049804688,360.1254577636719,248.48287963867188,0.9518149495124817,3
332.3262939453125,225.58509826660156,360.50054931640625,248.41455078125,0.08054444193840027,8
