xmin,ymin,xmax,ymax,score,label
332.7720947265625,227.29136657714844,362.1265563964844,248.39805603027344,0.9648043513298035,3
334.3708190917969,226.57366943359375,363.1712341308594,248.564453125,0.05889816954731941,8
