xmin,ymin,xmax,ymax,score,label
334.95477294921875,226.9380645751953,365.80279541015625,249.97024536132812,0.9628188014030457,3
336.0811462402344,226.61245727539062,365.6755065917969,249.98802185058594,0.05572976544499397,8
