xmin,ymin,xmax,ymax,score,label
336.2609558105469,227.4937286376953,368.4751281738281,251.63401794433594,0.9550852179527283,3
334.84307861328125,226.92739868164062,368.77081298828125,252.2760772705078,0.07284685224294662,8
