xmin,ymin,xmax,ymax,score,label
337.6609802246094,228.1934051513672,371.97161865234375,252.5233612060547,0.9390372037887573,3
336.3729553222656,227.8409423828125,372.0627136230469,251.71559143066406,0.12769199907779694,8
