xmin,ymin,xmax,ymax,score,label
338.5713195800781,229.0825653076172,375.2484436035156,253.18617248535156,0.9628201127052307,3
337.905029296875,228.90451049804688,375.4081726074219,253.08102416992188,0.0720396339893341,8
