xmin,ymin,xmax,ymax,score,label
342.8486328125,229.9394989013672,379.58416748046875,254.33328247070312,0.9650340676307678,3
296.564208984375,239.3066864013672,318.4805908203125,254.91818237304688,0.10099723190069199,3
341.51251220703125,229.52622985839844,380.1942138671875,254.98976135253906,0.07283883541822433,8
