xmin,ymin,xmax,ymax,score,label
346.1969299316406,230.8455810546875,384.71343994140625,255.7017059326172,0.9787731766700745,3
296.44189453125,239.6022186279297,318.68463134765625,255.17906188964844,0.05263516679406166,3
