xmin,ymin,xmax,ymax,score,label
347.5501708984375,231.53680419921875,387.6711730957031,257.6545715332031,0.9793440699577332,3
355.9844055175781,231.79315185546875,384.2406005859375,248.0879669189453,0.07807041704654694,3
359.2156677246094,231.4279022216797,380.7120666503906,240.74574279785156,0.07298538833856583,3
