xmin,ymin,xmax,ymax,score,label
350.9532165527344,232.9207305908203,391.97454833984375,259.0208435058594,0.9561982750892639,3
352.39959716796875,232.4261932373047,391.4151916503906,259.5505065917969,0.10312794148921967,8
295.26611328125,239.44497680664062,318.9556884765625,255.42079162597656,0.0534641295671463,3
363.0097961425781,232.88905334472656,383.85003662109375,241.28067016601562,0.053128648549318314,3
359.005126953125,233.07713317871094,387.1446228027344,248.09449768066406,0.050844356417655945,3
