xmin,ymin,xmax,ymax,score,label
351.8841857910156,233.95745849609375,394.9299621582031,260.2030944824219,0.786673367023468,3
355.9517822265625,233.50624084472656,395.72833251953125,259.71533203125,0.41525352001190186,8
295.4508972167969,239.63742065429688,318.7373352050781,255.17787170410156,0.12228883057832718,3
366.7169189453125,233.30816650390625,388.493408203125,242.28504943847656,0.06125253811478615,3
