xmin,ymin,xmax,ymax,score,label
356.9715270996094,233.27430725097656,400.33660888671875,260.3029479980469,0.9315213561058044,8
358.056396484375,236.0664825439453,400.4002990722656,261.5075988769531,0.24389855563640594,3
