xmin,ymin,xmax,ymax,score,label
361.63787841796875,234.8980255126953,405.9342346191406,263.56341552734375,0.8897078037261963,8
359.3892822265625,236.8318634033203,407.48974609375,263.6874694824219,0.2548943758010864,3
