xmin,ymin,xmax,ymax,score,label
364.46405029296875,236.69813537597656,411.1921691894531,264.5135498046875,0.8395781517028809,8
367.2041015625,236.75318908691406,411.1800537109375,264.315673828125,0.3576343357563019,3
