xmin,ymin,xmax,ymax,score,label
368.4653625488281,238.1975555419922,415.5021057128906,264.941650390625,0.805545449256897,8
366.1318359375,239.2979278564453,416.0210266113281,265.21295166015625,0.4690004587173462,3
