xmin,ymin,xmax,ymax,score,label
372.43994140625,238.7422332763672,420.7794494628906,266.9847717285156,0.8552757501602173,8
373.7965087890625,238.84645080566406,418.17193603515625,266.9341735839844,0.38833367824554443,3
