xmin,ymin,xmax,ymax,score,label
376.94183349609375,239.24989318847656,426.6725769042969,266.97064208984375,0.7421559691429138,3
375.58453369140625,239.4906768798828,426.4232482910156,267.45147705078125,0.5377402901649475,8
376.59674072265625,240.68824768066406,412.06268310546875,260.4049072265625,0.051451586186885834,3
