xmin,ymin,xmax,ymax,score,label
379.808349609375,241.0801239013672,432.8488464355469,268.5848083496094,0.6438107490539551,8
381.69403076171875,241.84837341308594,426.83758544921875,265.4610595703125,0.5733656883239746,3
395.37054443359375,246.58763122558594,432.1797180175781,269.162353515625,0.3035433292388916,3
378.3854675292969,249.5413818359375,419.05889892578125,268.0296936035156,0.1388624906539917,3
380.1547546386719,241.8177490234375,406.7217102050781,259.5736389160156,0.07392783463001251,3
397.0806579589844,258.3334045410156,411.1742858886719,268.080810546875,0.06533783674240112,3
