xmin,ymin,xmax,ymax,score,label
385.3658447265625,241.59434509277344,434.9089660644531,269.49139404296875,0.8926483988761902,8
384.9434509277344,244.0685272216797,435.3564453125,270.1416015625,0.3414710462093353,3
