xmin,ymin,xmax,ymax,score,label
389.9952392578125,242.29537963867188,441.4191589355469,271.5430908203125,0.7055019736289978,8
383.9042663574219,244.883544921875,441.046630859375,271.7511901855469,0.6122897267341614,3
