xmin,ymin,xmax,ymax,score,label
389.648681640625,243.608154296875,447.20123291015625,272.9860534667969,0.969131350517273,8
394.15338134765625,244.47068786621094,446.1832275390625,271.7608337402344,0.150253027677536,3
