xmin,ymin,xmax,ymax,score,label
397.1750793457031,244.965576171875,454.259521484375,274.1038513183594,0.9807648062705994,8
396.6539306640625,246.0814208984375,443.16571044921875,267.6910400390625,0.07253655791282654,3
