xmin,ymin,xmax,ymax,score,label
399.4068908691406,246.5881805419922,458.4607238769531,275.4060974121094,0.8542594313621521,8
401.8062438964844,247.0471954345703,456.1355895996094,274.0991516113281,0.4219949543476105,3
