xmin,ymin,xmax,ymax,score,label
411.9365234375,247.64297485351562,462.150390625,276.5594787597656,0.9602296948432922,8
411.58148193359375,249.2729949951172,455.6902160644531,271.42108154296875,0.12530486285686493,3
406.7598571777344,250.58973693847656,421.71502685546875,265.7388916015625,0.11065613478422165,3
