xmin,ymin,xmax,ymax,score,label
411.74627685546875,249.61209106445312,469.2760925292969,278.04962158203125,0.9222674369812012,8
412.58233642578125,250.61634826660156,471.125732421875,275.4889221191406,0.21749502420425415,3
