xmin,ymin,xmax,ymax,score,label
417.0338439941406,251.44549560546875,473.58587646484375,279.3271484375,0.9506264328956604,8
421.7393493652344,254.06338500976562,472.9226379394531,279.79376220703125,0.14164648950099945,3
