xmin,ymin,xmax,ymax,score,label
425.3589782714844,252.103515625,479.3342590332031,280.8653869628906,0.9047855734825134,8
428.8208312988281,253.55340576171875,475.10125732421875,277.0818786621094,0.2252037674188614,3
421.64178466796875,254.55393981933594,439.6668395996094,269.60638427734375,0.16958598792552948,3
