xmin,ymin,xmax,ymax,score,label
430.2276611328125,252.9793701171875,485.0377197265625,281.7937927246094,0.9392709136009216,8
428.3264465332031,254.39193725585938,447.1925964355469,269.9844665527344,0.19965311884880066,3
428.7166442871094,252.7705841064453,475.62750244140625,275.9440612792969,0.17779716849327087,3
429.9495849609375,253.1193084716797,463.99786376953125,273.9855651855469,0.16275765001773834,8
468.60577392578125,264.6578674316406,484.66156005859375,282.15728759765625,0.11615186929702759,3
434.70904541015625,256.0255126953125,485.3481140136719,282.9643249511719,0.0561114139854908,3
