xmin,ymin,xmax,ymax,score,label
436.3474426269531,253.9608917236328,490.7967529296875,283.4775390625,0.9410064816474915,8
436.1132507324219,255.28469848632812,490.5872497558594,282.8980712890625,0.13679152727127075,3
237.1168212890625,198.9716796875,247.5143585205078,211.71632385253906,0.053651899099349976,3
