xmin,ymin,xmax,ymax,score,label
440.831298828125,255.74940490722656,495.7496643066406,284.1460266113281,0.9744039177894592,8
440.9148864746094,258.312255859375,460.8093566894531,274.513671875,0.08042753487825394,3
440.5613098144531,256.293212890625,495.5868225097656,284.4697265625,0.0703473910689354,3
237.13983154296875,199.5600128173828,247.38629150390625,211.75347900390625,0.05269234627485275,3
