xmin,ymin,xmax,ymax,score,label
449.5237121582031,256.1077575683594,500.7078857421875,285.1787109375,0.9556955099105835,8
446.9028015136719,256.1335754394531,480.9241943359375,276.59844970703125,0.331068217754364,8
446.3636779785156,257.6009826660156,463.82232666015625,272.7280578613281,0.2906065583229065,3
446.2506103515625,256.3412780761719,466.7088928222656,273.4971923828125,0.17778605222702026,8
450.1322021484375,256.3149719238281,498.36480712890625,284.93011474609375,0.11806923151016235,3
447.2138977050781,256.7300720214844,478.84375,275.9118957519531,0.07990165799856186,3
