xmin,ymin,xmax,ymax,score,label
452.0964050292969,259.3957214355469,506.4239807128906,285.3088684082031,0.8860862851142883,8
454.1580810546875,259.87884521484375,504.4049072265625,285.1728820800781,0.2888200879096985,3
451.32159423828125,260.5733642578125,466.1626281738281,273.7809143066406,0.09445264935493469,3
453.343017578125,262.4751281738281,473.3857727050781,276.9336853027344,0.0619979128241539,3
453.21624755859375,260.53607177734375,486.3572082519531,279.2848205566406,0.058129265904426575,8
492.43243408203125,267.6278381347656,506.530029296875,285.35821533203125,0.05351804569363594,3
