xmin,ymin,xmax,ymax,score,label
458.41864013671875,261.0970458984375,510.4428405761719,286.9540710449219,0.6726478934288025,8
460.7713317871094,261.4626770019531,510.37042236328125,285.49737548828125,0.6012864708900452,3
457.5538024902344,261.8310852050781,479.06512451171875,276.9770812988281,0.3741842210292816,3
458.18182373046875,260.7279968261719,488.17559814453125,278.77392578125,0.07425291836261749,8
458.19158935546875,262.2739562988281,471.1494140625,273.86614990234375,0.06675692647695541,3
