xmin,ymin,xmax,ymax,score,label
466.3107604980469,261.7050476074219,515.7615356445312,287.78033447265625,0.8177750706672668,3
472.0502624511719,261.495849609375,516.07421875,288.5954284667969,0.4029248356819153,8
461.7643127441406,262.6845703125,477.889404296875,276.0215148925781,0.08175075054168701,3
