xmin,ymin,xmax,ymax,score,label
471.32476806640625,263.5162048339844,519.6412353515625,288.4798889160156,0.6692557334899902,3
473.5884704589844,262.9585876464844,520.943359375,289.19244384765625,0.5894269943237305,8
