xmin,ymin,xmax,ymax,score,label
478.0215148925781,265.0458679199219,525.8180541992188,290.3955078125,0.7648389339447021,3
479.4327392578125,264.42047119140625,526.0970458984375,290.6549987792969,0.5884667634963989,8
