xmin,ymin,xmax,ymax,score,label
481.18865966796875,265.3726501464844,530.4122924804688,290.8650207519531,0.9470856189727783,3
482.7768859863281,265.4568786621094,530.7440795898438,290.8912048339844,0.09172035753726959,8
