xmin,ymin,xmax,ymax,score,label
485.4947204589844,266.4210205078125,533.8195190429688,290.34130859375,0.96869957447052,3
484.0032958984375,266.0102844238281,511.78668212890625,284.3161926269531,0.2769147753715515,3
483.7633972167969,266.2157897949219,534.2265625,289.1738586425781,0.06953971832990646,8
