xmin,ymin,xmax,ymax,score,label
489.6244812011719,267.0189208984375,538.5184326171875,291.21575927734375,0.866000235080719,3
490.9150695800781,266.6381530761719,539.3961791992188,292.6269836425781,0.2833094000816345,8
487.3074035644531,267.2995300292969,514.5507202148438,283.40472412109375,0.22950124740600586,3
