xmin,ymin,xmax,ymax,score,label
492.8789978027344,267.74639892578125,541.6451416015625,292.4757995605469,0.9130426645278931,3
495.9737548828125,269.3399658203125,543.811767578125,292.8684387207031,0.3167824447154999,8
492.3627624511719,267.4337463378906,522.676025390625,283.5693664550781,0.10517566651105881,3
