xmin,ymin,xmax,ymax,score,label
501.10394287109375,270.3016357421875,545.2846069335938,293.1451416015625,0.8759933710098267,3
500.7193603515625,270.2320556640625,545.260009765625,292.9197998046875,0.16956311464309692,8
498.3226318359375,268.1481628417969,527.536376953125,285.9363708496094,0.12776413559913635,3
507.52410888671875,268.3990783691406,523.853759765625,275.9410095214844,0.06473751366138458,3
509.8742370605469,268.31915283203125,536.2823486328125,278.3817138671875,0.05989040434360504,3
