xmin,ymin,xmax,ymax,score,label
238.29359436035156,199.65762329101562,246.9483184814453,211.88694763183594,0.06365456432104111,3
