xmin,ymin,xmax,ymax,score,label
504.3602600097656,269.88421630859375,544.0223999023438,291.9151306152344,0.7242438793182373,3
504.68756103515625,269.6678466796875,548.0550537109375,292.89678955078125,0.4749510884284973,8
521.85009765625,272.44708251953125,548.9909057617188,291.5989990234375,0.053919628262519836,3
