xmin,ymin,xmax,ymax,score,label
511.79400634765625,271.2348327636719,551.3948364257812,293.6688232421875,0.8969555497169495,3
509.55914306640625,270.6260986328125,535.8230590820312,289.6698303222656,0.3176232576370239,3
530.6032104492188,273.0710754394531,551.5661010742188,291.2524108886719,0.2372008115053177,3
510.2333068847656,271.068603515625,550.3925170898438,293.09637451171875,0.13251608610153198,8
520.02783203125,270.63519287109375,544.6598510742188,287.7496643066406,0.11784347891807556,3
521.7628784179688,270.0806579589844,538.4035034179688,278.3123474121094,0.0666956827044487,3
