xmin,ymin,xmax,ymax,score,label
513.4298706054688,271.8507385253906,554.568359375,293.5046691894531,0.8213901519775391,3
531.2662963867188,273.43682861328125,554.7271728515625,291.809814453125,0.47410285472869873,3
513.598388671875,271.52301025390625,555.2459106445312,292.46783447265625,0.32695648074150085,8
515.0548095703125,271.30120849609375,537.57763671875,289.6053466796875,0.18515926599502563,3
524.7100219726562,270.700439453125,537.0948486328125,280.6549377441406,0.13014625012874603,3
525.4420776367188,271.4512634277344,544.451904296875,282.8536376953125,0.051811568439006805,3
