xmin,ymin,xmax,ymax,score,label
517.7015380859375,272.15960693359375,556.9896850585938,293.7872009277344,0.8146858811378479,3
518.2377319335938,271.9356384277344,556.519775390625,293.21502685546875,0.3021751642227173,8
536.7515258789062,273.5268249511719,557.6344604492188,290.7242431640625,0.258249968290329,3
528.447265625,272.25848388671875,550.6984252929688,287.5303955078125,0.13036614656448364,3
527.9801635742188,270.7400817871094,539.969482421875,280.09259033203125,0.11083082109689713,3
538.6312866210938,273.7868957519531,551.177490234375,284.2565612792969,0.05951640009880066,3
