xmin,ymin,xmax,ymax,score,label
521.5286865234375,271.8092041015625,558.4727172851562,294.2419738769531,0.7562627792358398,8
521.0802001953125,271.5205993652344,556.6559448242188,293.9834289550781,0.4807198643684387,3
550.0780639648438,280.63592529296875,559.871826171875,294.8642578125,0.16393175721168518,3
539.508056640625,277.10308837890625,559.751708984375,293.8421325683594,0.11891721934080124,3
552.9219360351562,281.82867431640625,560.33447265625,292.0351867675781,0.08664928376674652,3
