xmin,ymin,xmax,ymax,score,label
535.1823120117188,274.9544372558594,562.873291015625,294.1734924316406,0.7339420914649963,3
546.1165161132812,276.47027587890625,568.48681640625,294.2225036621094,0.5695953965187073,3
535.0220947265625,273.9626770019531,567.1124267578125,294.7646179199219,0.43021318316459656,8
515.6660766601562,269.10760498046875,533.6461791992188,281.224853515625,0.1480446457862854,3
535.4786376953125,278.2205505371094,552.760009765625,293.30645751953125,0.11938644200563431,3
547.7928466796875,276.8390197753906,568.4727783203125,295.0185241699219,0.11489195376634598,8
561.5601806640625,281.32171630859375,569.1868286132812,294.6904296875,0.07058647274971008,3
553.8290405273438,280.8064270019531,568.77099609375,294.8645324707031,0.06433019042015076,3
