xmin,ymin,xmax,ymax,score,label
555.596435546875,280.2009582519531,573.5528564453125,295.59832763671875,0.6956468820571899,3
566.8319702148438,279.2008056640625,580.4942626953125,293.9552917480469,0.5209686756134033,3
556.228515625,278.08319091796875,579.8967895507812,295.87109375,0.4652928411960602,8
567.6220092773438,278.0010681152344,578.4468994140625,286.0143127441406,0.12133137136697769,3
555.5817260742188,282.2671813964844,572.0472412109375,295.5994567871094,0.11179504543542862,8
566.409423828125,278.80963134765625,580.5015258789062,294.5514831542969,0.0863778218626976,8
