xmin,ymin,xmax,ymax,score,label
558.3278198242188,278.1899108886719,579.4899291992188,295.22003173828125,0.6659766435623169,8
557.8818969726562,278.7849426269531,572.980224609375,294.75146484375,0.542737603187561,3
568.629150390625,278.95721435546875,581.3663940429688,293.9189147949219,0.5414424538612366,3
568.3609619140625,278.5045166015625,581.2974853515625,294.208740234375,0.2300298810005188,8
569.2222900390625,277.94781494140625,580.0553588867188,287.9525451660156,0.18379461765289307,3
573.0671997070312,284.2042236328125,582.5660400390625,294.1435546875,0.09131505340337753,3
557.61376953125,276.7155456542969,582.0738525390625,296.7647705078125,0.07704003155231476,3
