xmin,ymin,xmax,ymax,score,label
560.0354614257812,277.9358825683594,582.3712158203125,295.0223388671875,0.6432082653045654,8
564.4564819335938,278.37762451171875,582.8627319335938,293.4051513671875,0.475477933883667,3
560.0169677734375,279.4524841308594,576.9451293945312,294.47357177734375,0.38372403383255005,3
570.2477416992188,278.15087890625,581.8629150390625,287.97064208984375,0.09738381952047348,3
570.0806274414062,278.31829833984375,583.0027465820312,293.3768615722656,0.05366633087396622,8
