xmin,ymin,xmax,ymax,score,label
562.4310302734375,280.6704406738281,578.0690307617188,294.80792236328125,0.8542442917823792,3
565.1886596679688,278.0605163574219,584.2833862304688,293.4320068359375,0.5063572525978088,3
561.2408447265625,276.5486145019531,584.7424926757812,294.52227783203125,0.2008298933506012,8
572.4761962890625,280.3941345214844,584.9948120117188,294.4494323730469,0.11396565288305283,3
569.337158203125,277.1359558105469,583.0685424804688,287.5367431640625,0.0823313295841217,3
562.2120971679688,280.7027893066406,575.8173217773438,294.4032897949219,0.051062121987342834,8
