xmin,ymin,xmax,ymax,score,label
563.7930297851562,281.22039794921875,577.4176025390625,294.5934143066406,0.7677673697471619,3
574.2568969726562,281.026611328125,586.4217529296875,294.57794189453125,0.6142986416816711,3
565.6309204101562,279.3417663574219,586.055419921875,294.9053039550781,0.6014196872711182,3
565.188720703125,278.4637451171875,586.2161254882812,295.1224365234375,0.2418133020401001,8
572.4663696289062,278.2467956542969,586.167236328125,289.5135498046875,0.15491898357868195,3
563.8444213867188,280.4361572265625,577.5900268554688,294.6054992675781,0.1453029066324234,8
577.6503295898438,286.0525817871094,586.7091064453125,294.7330627441406,0.1061878353357315,3
564.5580444335938,287.79730224609375,577.444580078125,295.34820556640625,0.09827420860528946,3
