xmin,ymin,xmax,ymax,score,label
565.1832275390625,281.0118713378906,580.7630615234375,294.6611328125,0.8168736696243286,3
574.8565673828125,279.680908203125,587.0820922851562,293.67822265625,0.7143393754959106,3
565.7199096679688,277.9547119140625,586.5654907226562,294.5483703613281,0.25266146659851074,8
574.75927734375,277.6910400390625,586.5763549804688,286.97406005859375,0.19962182641029358,3
575.3703002929688,279.0636901855469,587.2467041015625,293.4753723144531,0.07398384064435959,8
567.0187377929688,287.42523193359375,580.2311401367188,295.2853698730469,0.06262440234422684,3
565.239013671875,280.7152404785156,578.7001953125,294.0502624511719,0.05763180926442146,8
564.325439453125,277.0463562011719,587.4536743164062,296.3441162109375,0.053272634744644165,3
