xmin,ymin,xmax,ymax,score,label
566.5411376953125,279.8224182128906,585.4208374023438,294.360595703125,0.8311890959739685,3
575.5829467773438,279.46124267578125,588.0733032226562,293.7946472167969,0.6540647745132446,3
568.3046264648438,278.0099182128906,587.8672485351562,294.5225830078125,0.21316057443618774,8
567.4696044921875,284.0105285644531,580.7501831054688,294.9656677246094,0.20647628605365753,3
574.8928833007812,277.65020751953125,587.3076782226562,286.988037109375,0.19947600364685059,3
