xmin,ymin,xmax,ymax,score,label
568.8174438476562,280.15130615234375,583.7135009765625,294.22418212890625,0.7883871793746948,3
576.326416015625,279.5972595214844,589.619140625,294.0025634765625,0.6569938659667969,3
569.83740234375,277.8383483886719,589.4947509765625,294.8326110839844,0.2897965610027313,8
571.0782470703125,277.35003662109375,588.7797241210938,289.9000244140625,0.11415866762399673,3
577.6845092773438,279.75262451171875,589.5545043945312,293.5062561035156,0.09101875871419907,8
576.6116943359375,277.42694091796875,588.6743774414062,286.1197509765625,0.0738888755440712,3
570.1968994140625,284.60308837890625,588.7820434570312,295.2353515625,0.06982225179672241,3
568.38427734375,278.3126525878906,593.2579345703125,295.3044128417969,0.052724167704582214,3
