xmin,ymin,xmax,ymax,score,label
570.3363037109375,280.2726745605469,586.2373657226562,294.39312744140625,0.7093938589096069,3
577.41162109375,280.0522155761719,590.6416625976562,293.9554443359375,0.4484815001487732,3
570.3394775390625,278.1024169921875,590.616943359375,294.3194885253906,0.3919563889503479,8
578.5780029296875,280.1590576171875,590.9049072265625,293.61163330078125,0.10364536195993423,8
