xmin,ymin,xmax,ymax,score,label
571.950439453125,279.57135009765625,591.7581176757812,294.5867004394531,0.719284176826477,3
571.8877563476562,280.1965637207031,592.3016357421875,294.98553466796875,0.3845664858818054,8
572.1507568359375,283.0288391113281,585.760498046875,293.9040222167969,0.3192687928676605,3
582.9393920898438,279.4344482421875,591.85498046875,294.37310791015625,0.10013896226882935,1
588.1597900390625,286.56866455078125,595.6102905273438,295.1764221191406,0.05904703587293625,1
