xmin,ymin,xmax,ymax,score,label
573.3366088867188,278.61834716796875,592.9639282226562,294.6402587890625,0.8206768035888672,3
573.431884765625,279.0395202636719,594.0987548828125,295.06988525390625,0.17828117311000824,8
