xmin,ymin,xmax,ymax,score,label
574.4830932617188,278.9442138671875,595.9556274414062,294.8008728027344,0.7252432107925415,3
574.8002319335938,278.9090270996094,595.880126953125,294.9334411621094,0.2829938530921936,8
580.4816284179688,278.6734924316406,595.5709838867188,290.10498046875,0.10827039182186127,3
