xmin,ymin,xmax,ymax,score,label
576.7012939453125,278.1161193847656,595.821533203125,294.65185546875,0.7702263593673706,3
576.7029418945312,278.29766845703125,595.7752075195312,294.67596435546875,0.3711601197719574,8
234.32980346679688,198.4250946044922,247.46707153320312,212.35325622558594,0.06091896817088127,3
