xmin,ymin,xmax,ymax,score,label
578.321533203125,277.96771240234375,596.0518798828125,294.0464172363281,0.7059713006019592,3
578.3666381835938,278.2821960449219,595.8988647460938,294.3585205078125,0.44178763031959534,8
588.1574096679688,279.5022277832031,595.917724609375,294.76043701171875,0.09527388960123062,1
586.2841796875,279.8479919433594,596.2574462890625,292.0509033203125,0.05082071200013161,3
