xmin,ymin,xmax,ymax,score,label
579.8158569335938,279.13623046875,597.6644897460938,294.5210876464844,0.8210461735725403,3
588.5855102539062,279.0303955078125,597.4388427734375,295.1301574707031,0.153262659907341,1
578.9931030273438,277.8206787109375,598.064208984375,294.6344909667969,0.0764666497707367,8
580.4271850585938,279.2120666503906,591.6466064453125,294.185546875,0.05293690040707588,1
