xmin,ymin,xmax,ymax,score,label
581.3848876953125,279.8576354980469,599.4345703125,294.45562744140625,0.7704788446426392,3
580.8826904296875,279.0868835449219,599.61474609375,294.3066101074219,0.08036105334758759,8
