xmin,ymin,xmax,ymax,score,label
582.0645141601562,279.7326354980469,600.316650390625,294.0214538574219,0.7942535877227783,3
582.2200927734375,278.3157653808594,599.8856811523438,293.99072265625,0.14645837247371674,8
582.173095703125,276.9897766113281,598.7898559570312,288.83624267578125,0.059707436710596085,3
585.6873779296875,277.0372619628906,597.72314453125,284.9732666015625,0.050600964576005936,3
