xmin,ymin,xmax,ymax,score,label
583.4202270507812,279.9654541015625,602.026611328125,294.0036315917969,0.7413920760154724,3
582.6456909179688,277.4798583984375,602.05078125,293.7256774902344,0.13685256242752075,8
236.43341064453125,198.91697692871094,247.74684143066406,212.05076599121094,0.05779280513525009,3
