xmin,ymin,xmax,ymax,score,label
584.5983276367188,279.4996337890625,603.21435546875,293.85137939453125,0.4482439160346985,3
584.6205444335938,277.44940185546875,603.6570434570312,293.6505432128906,0.3135948181152344,8
235.02133178710938,200.8158721923828,247.1731414794922,211.81422424316406,0.0592351108789444,3
