xmin,ymin,xmax,ymax,score,label
586.1998291015625,277.78570556640625,604.8236083984375,293.8649597167969,0.4877932667732239,3
586.101806640625,277.1966552734375,604.818115234375,293.91009521484375,0.09861680865287781,8
