xmin,ymin,xmax,ymax,score,label
587.8196411132812,280.21453857421875,604.6802978515625,294.0119934082031,0.5468693375587463,3
587.79248046875,279.6953125,604.8286743164062,293.9792785644531,0.09258144348859787,8
