xmin,ymin,xmax,ymax,score,label
589.2796020507812,280.43310546875,605.9778442382812,294.1710205078125,0.08240354061126709,3
