xmin,ymin,xmax,ymax,score,label
590.3389282226562,280.93756103515625,606.6478271484375,294.21917724609375,0.09163488447666168,3
