xmin,ymin,xmax,ymax,score,label
235.41909790039062,198.26490783691406,247.8802490234375,212.23985290527344,0.11114607006311417,3
591.826904296875,280.45001220703125,607.8441772460938,293.95904541015625,0.08648459613323212,3
