xmin,ymin,xmax,ymax,score,label
593.2520141601562,280.434326171875,608.6250610351562,294.37945556640625,0.15135452151298523,3
