xmin,ymin,xmax,ymax,score,label
594.3255004882812,280.8234558105469,610.0061645507812,294.6430969238281,0.16624535620212555,3
