xmin,ymin,xmax,ymax,score,label
595.16259765625,282.00537109375,610.8901977539062,294.59857177734375,0.06937052309513092,3
