xmin,ymin,xmax,ymax,score,label
596.2294921875,280.76495361328125,612.5601196289062,293.8076171875,0.13548411428928375,3
