xmin,ymin,xmax,ymax,score,label
597.0230102539062,280.8843078613281,612.8751220703125,293.79608154296875,0.13014258444309235,3
