xmin,ymin,xmax,ymax,score,label
599.4132690429688,281.65155029296875,614.5824584960938,293.62066650390625,0.6360578536987305,3
599.177734375,281.61480712890625,614.3466796875,294.3605651855469,0.19145467877388,8
607.7926635742188,282.2156677246094,614.9667358398438,294.6869201660156,0.0856185331940651,1
