xmin,ymin,xmax,ymax,score,label
600.25341796875,281.7084655761719,615.3490600585938,294.54248046875,0.3865903913974762,3
600.0114135742188,281.3936462402344,615.3682861328125,294.4537353515625,0.0899662971496582,8
