xmin,ymin,xmax,ymax,score,label
601.7877807617188,282.7184753417969,616.7675170898438,294.81427001953125,0.7362568974494934,3
601.7470703125,282.15167236328125,616.480712890625,294.6717834472656,0.24926643073558807,8
602.4874877929688,287.9630126953125,615.4859008789062,294.8406982421875,0.06524571031332016,3
