xmin,ymin,xmax,ymax,score,label
602.6151733398438,282.4105529785156,617.425048828125,294.23565673828125,0.7811272740364075,3
602.1693115234375,282.346923828125,617.0439453125,294.5457458496094,0.23692013323307037,8
