xmin,ymin,xmax,ymax,score,label
603.9354858398438,281.9298095703125,618.5401000976562,294.2171325683594,0.6391748189926147,3
603.5148315429688,282.33013916015625,618.3637084960938,294.5630798339844,0.3036491274833679,8
