xmin,ymin,xmax,ymax,score,label
605.49755859375,281.98980712890625,619.4257202148438,293.82611083984375,0.7773123383522034,3
605.3453369140625,282.5159912109375,619.624755859375,294.13568115234375,0.14704619348049164,8
