xmin,ymin,xmax,ymax,score,label
607.009765625,282.72076416015625,620.88232421875,294.1422424316406,0.6861347556114197,3
606.7250366210938,282.8842468261719,620.8457641601562,294.7726135253906,0.15881797671318054,8
