xmin,ymin,xmax,ymax,score,label
607.22216796875,282.6787414550781,621.771728515625,294.1761474609375,0.525068998336792,3
607.1544799804688,282.61090087890625,621.7835083007812,294.1297607421875,0.07498301565647125,8
