xmin,ymin,xmax,ymax,score,label
608.7376708984375,282.4642639160156,622.7888793945312,294.2732849121094,0.16006501019001007,3
608.4512329101562,282.6302490234375,622.4075927734375,294.5828857421875,0.09677131474018097,8
