xmin,ymin,xmax,ymax,score,label
610.0823974609375,282.6195068359375,623.1228637695312,294.00701904296875,0.27439042925834656,3
609.8930053710938,282.8839416503906,623.1793823242188,294.5032958984375,0.10594804584980011,8
