xmin,ymin,xmax,ymax,score,label
610.8143920898438,282.65869140625,624.4221801757812,293.2196044921875,0.374024897813797,3
610.9117431640625,282.38336181640625,624.341552734375,294.61981201171875,0.2181144654750824,8
