xmin,ymin,xmax,ymax,score,label
611.54345703125,282.8578796386719,624.8313598632812,294.08447265625,0.4462333023548126,3
611.8299560546875,283.07928466796875,624.8114013671875,294.86907958984375,0.2258608192205429,8
