xmin,ymin,xmax,ymax,score,label
613.0640869140625,284.2019348144531,625.3406982421875,294.282958984375,0.2050366848707199,3
612.5206909179688,283.718994140625,625.7147216796875,294.90264892578125,0.12186732888221741,8
