xmin,ymin,xmax,ymax,score,label
613.7742309570312,284.37506103515625,625.980224609375,294.5032653808594,0.1850435882806778,3
613.6729125976562,284.0338439941406,626.0054321289062,294.5436706542969,0.17001229524612427,8
