xmin,ymin,xmax,ymax,score,label
614.5811157226562,284.8047790527344,626.1739501953125,294.38677978515625,0.24646854400634766,3
614.496337890625,284.4466247558594,626.2337036132812,294.3280944824219,0.1393522322177887,8
