xmin,ymin,xmax,ymax,score,label
616.5757446289062,284.0097961425781,627.7979125976562,294.1007385253906,0.5102417469024658,3
615.8189697265625,283.012939453125,628.3087158203125,294.29656982421875,0.28083527088165283,8
623.1658325195312,283.3682861328125,629.3634643554688,294.1405029296875,0.08570674061775208,1
