xmin,ymin,xmax,ymax,score,label
616.527587890625,283.16107177734375,629.2088012695312,294.490478515625,0.11977402120828629,3
238.08966064453125,199.60366821289062,247.38026428222656,211.61729431152344,0.07684491574764252,3
232.45643615722656,198.19725036621094,247.84994506835938,212.78408813476562,0.05337328091263771,3
