xmin,ymin,xmax,ymax,score,label
618.6427612304688,284.0945739746094,629.4615478515625,294.3900146484375,0.23265774548053741,3
618.5122680664062,283.6980895996094,629.4342041015625,294.31500244140625,0.17817099392414093,8
238.3662109375,199.47142028808594,247.58367919921875,210.75636291503906,0.15604086220264435,3
232.8494415283203,198.3931884765625,247.63726806640625,212.76641845703125,0.09593497216701508,3
237.4488067626953,198.19371032714844,245.62661743164062,205.495849609375,0.05338428169488907,3
