xmin,ymin,xmax,ymax,score,label
238.48028564453125,199.5277099609375,247.1494140625,211.0592498779297,0.17276118695735931,3
619.2254638671875,283.4767761230469,630.3508911132812,294.31768798828125,0.13970789313316345,3
619.1015625,283.0604248046875,630.3538818359375,294.2490539550781,0.11275875568389893,8
231.7432403564453,198.5156707763672,247.5521697998047,212.9671630859375,0.09696117043495178,3
