xmin,ymin,xmax,ymax,score,label
619.9068603515625,283.28924560546875,630.970703125,293.78631591796875,0.34934666752815247,3
620.0074462890625,283.46917724609375,630.5722045898438,293.6599426269531,0.2867174446582794,8
237.41189575195312,199.0538787841797,248.0614776611328,211.6462860107422,0.12597066164016724,3
