xmin,ymin,xmax,ymax,score,label
620.7998046875,284.1229553222656,632.115478515625,294.0265808105469,0.6385967135429382,3
620.0657958984375,283.8672790527344,631.840576171875,294.30877685546875,0.1343066245317459,8
