xmin,ymin,xmax,ymax,score,label
621.4896240234375,284.729248046875,632.2383422851562,294.63238525390625,0.2228139340877533,3
621.3231201171875,284.4028015136719,632.2243041992188,294.5714111328125,0.05302037298679352,8
