xmin,ymin,xmax,ymax,score,label
621.8955078125,284.3878479003906,634.2366333007812,294.2817687988281,0.26625940203666687,3
