xmin,ymin,xmax,ymax,score,label
623.3767700195312,285.0801696777344,634.1395263671875,294.16064453125,0.1965007483959198,3
