xmin,ymin,xmax,ymax,score,label
623.77197265625,285.2431335449219,635.1506958007812,293.7872009277344,0.20575569570064545,3
