xmin,ymin,xmax,ymax,score,label
624.6307983398438,284.1990661621094,636.179931640625,294.2786865234375,0.06728397309780121,3
