xmin,ymin,xmax,ymax,score,label
232.9333038330078,198.5770263671875,246.9069366455078,212.11903381347656,0.051036134362220764,3
