xmin,ymin,xmax,ymax,score,label
237.80458068847656,200.0386199951172,247.491455078125,212.0408477783203,0.05810144543647766,3
