xmin,ymin,xmax,ymax,score,label
238.4228057861328,199.2870635986328,247.36251831054688,211.63525390625,0.08234356343746185,3
