xmin,ymin,xmax,ymax,score,label
235.93267822265625,198.6385955810547,247.30540466308594,212.3209228515625,0.07611552625894547,3
