xmin,ymin,xmax,ymax,score,label
233.29136657714844,198.19046020507812,247.25506591796875,212.2696533203125,0.12776702642440796,3
239.26840209960938,200.9867401123047,246.6210174560547,211.49391174316406,0.05056323483586311,3
