xmin,ymin,xmax,ymax,score,label
237.7332000732422,199.62718200683594,247.099365234375,211.5265350341797,0.14303860068321228,3
