xmin,ymin,xmax,ymax,score,label
237.1134796142578,199.20559692382812,247.2932891845703,212.04197692871094,0.14497211575508118,3
