xmin,ymin,xmax,ymax,score,label
237.63021850585938,198.79026794433594,247.02255249023438,211.2350311279297,0.057234231382608414,3
