xmin,ymin,xmax,ymax,score,label
236.9267578125,200.0432586669922,247.1223602294922,212.24778747558594,0.05983956530690193,3
