xmin,ymin,xmax,ymax,score,label
234.62286376953125,198.10916137695312,247.9813232421875,212.5515594482422,0.06409413367509842,3
