xmin,ymin,xmax,ymax,score,label
237.87913513183594,199.6340789794922,247.62530517578125,211.76319885253906,0.05797814205288887,3
