xmin,ymin,xmax,ymax,score,label
235.77232360839844,198.14743041992188,247.61053466796875,211.60069274902344,0.054127708077430725,3
