xmin,ymin,xmax,ymax,score,label
235.41883850097656,198.13470458984375,247.60414123535156,212.22744750976562,0.0736267939209938,3
