xmin,ymin,xmax,ymax,score,label
235.45370483398438,197.89158630371094,247.48683166503906,212.2803192138672,0.11150356382131577,3
