xmin,ymin,xmax,ymax,score,label
234.0991668701172,198.8009490966797,247.467041015625,212.9273223876953,0.11128926277160645,3
