xmin,ymin,xmax,ymax,score,label
236.2913360595703,199.1063995361328,247.32168579101562,211.43360900878906,0.24157458543777466,3
