xmin,ymin,xmax,ymax,score,label
234.2662353515625,199.35752868652344,247.1945037841797,213.32789611816406,0.05998820811510086,3
