xmin,ymin,xmax,ymax,score,label
233.83871459960938,198.73597717285156,247.93199157714844,213.00946044921875,0.10528646409511566,3
