xmin,ymin,xmax,ymax,score,label
235.22535705566406,199.0417022705078,247.15023803710938,213.0245819091797,0.06244384124875069,3
