xmin,ymin,xmax,ymax,score,label
238.1790313720703,200.09007263183594,246.9215545654297,211.9844512939453,0.05109129846096039,3
