xmin,ymin,xmax,ymax,score,label
236.8528289794922,199.5535430908203,247.21197509765625,211.17323303222656,0.05588187277317047,3
