xmin,ymin,xmax,ymax,score,label
235.71958923339844,198.19410705566406,247.7349853515625,211.99636840820312,0.09155724197626114,3
