xmin,ymin,xmax,ymax,score,label
232.87803649902344,198.0138397216797,247.13943481445312,212.65611267089844,0.06888290494680405,3
