xmin,ymin,xmax,ymax,score,label
237.21470642089844,199.17124938964844,247.0458221435547,211.8537139892578,0.05808793008327484,3
