xmin,ymin,xmax,ymax,score,label
237.13134765625,198.9698486328125,247.0045928955078,211.73023986816406,0.0516803115606308,3
