xmin,ymin,xmax,ymax,score,label
235.3014373779297,198.4711456298828,247.11387634277344,210.2615203857422,0.13496914505958557,3
