xmin,ymin,xmax,ymax,score,label
234.61082458496094,199.3064422607422,247.30752563476562,212.80186462402344,0.08198348432779312,3
