xmin,ymin,xmax,ymax,score,label
233.52520751953125,199.1192169189453,247.25714111328125,212.40370178222656,0.1676889955997467,3
