xmin,ymin,xmax,ymax,score,label
234.70138549804688,198.9713592529297,247.49842834472656,212.88954162597656,0.05420051887631416,3
