xmin,ymin,xmax,ymax,score,label
232.32785034179688,198.19493103027344,246.86935424804688,212.56369018554688,0.05719359219074249,3
