xmin,ymin,xmax,ymax,score,label
232.3363494873047,198.19725036621094,246.92567443847656,212.5244140625,0.08504068106412888,3
