xmin,ymin,xmax,ymax,score,label
237.23548889160156,199.01483154296875,248.107177734375,211.18226623535156,0.06268090754747391,3
