xmin,ymin,xmax,ymax,score,label
236.63877868652344,198.88648986816406,247.2141571044922,211.5692596435547,0.09350331127643585,3
