xmin,ymin,xmax,ymax,score,label
236.2274932861328,199.40379333496094,247.1114959716797,212.1985321044922,0.08295077830553055,3
