xmin,ymin,xmax,ymax,score,label
235.7877655029297,198.22564697265625,247.62327575683594,212.58551025390625,0.10319003462791443,3
