xmin,ymin,xmax,ymax,score,label
236.49513244628906,199.38516235351562,247.35076904296875,211.91590881347656,0.08049257844686508,3
