xmin,ymin,xmax,ymax,score,label
235.62353515625,198.6620330810547,247.29266357421875,212.53282165527344,0.0698728859424591,3
