xmin,ymin,xmax,ymax,score,label
235.99183654785156,199.0872344970703,247.3810577392578,212.3352813720703,0.15261495113372803,3
