xmin,ymin,xmax,ymax,score,label
235.6447296142578,199.07130432128906,247.30499267578125,213.0727996826172,0.09318482130765915,3
