xmin,ymin,xmax,ymax,score,label
236.53880310058594,198.92727661132812,248.4705047607422,211.84756469726562,0.05663592368364334,3
