xmin,ymin,xmax,ymax,score,label
237.6267852783203,200.23316955566406,247.2530517578125,211.35813903808594,0.08268989622592926,3
