xmin,ymin,xmax,ymax,score,label
235.75379943847656,199.22181701660156,247.23265075683594,213.26739501953125,0.0702720358967781,3
