xmin,ymin,xmax,ymax,score,label
233.96942138671875,198.71377563476562,247.6315460205078,212.93301391601562,0.07879883050918579,3
