xmin,ymin,xmax,ymax,score,label
235.63938903808594,199.09548950195312,247.29986572265625,212.2182159423828,0.11063676327466965,3
