xmin,ymin,xmax,ymax,score,label
235.35916137695312,199.0999298095703,247.23548889160156,212.2064666748047,0.0608975887298584,3
