xmin,ymin,xmax,ymax,score,label
234.36544799804688,198.4779510498047,247.65982055664062,212.2933349609375,0.07179998606443405,3
