xmin,ymin,xmax,ymax,score,label
235.7964324951172,199.1571044921875,247.75315856933594,212.5956573486328,0.13343742489814758,3
