xmin,ymin,xmax,ymax,score,label
235.11453247070312,198.16075134277344,247.6114501953125,212.79685974121094,0.1210935190320015,3
