xmin,ymin,xmax,ymax,score,label
235.5889434814453,198.80184936523438,247.40652465820312,212.16140747070312,0.09788225591182709,3
