xmin,ymin,xmax,ymax,score,label
237.29539489746094,199.41015625,247.88841247558594,211.52781677246094,0.0703318789601326,3
