xmin,ymin,xmax,ymax,score,label
232.6159210205078,198.1090850830078,247.3473663330078,212.75950622558594,0.06655550003051758,3
