xmin,ymin,xmax,ymax,score,label
237.14065551757812,199.5817413330078,247.3466339111328,211.2722930908203,0.09838005155324936,3
