xmin,ymin,xmax,ymax,score,label
232.22508239746094,197.99172973632812,247.5016326904297,212.69268798828125,0.05448433384299278,3
