xmin,ymin,xmax,ymax,score,label
232.44410705566406,198.81640625,247.4357452392578,212.97511291503906,0.05097845941781998,3
