xmin,ymin,xmax,ymax,score,label
232.89466857910156,198.25645446777344,247.3395233154297,212.68435668945312,0.08579868823289871,3
