xmin,ymin,xmax,ymax,score,label
572.2761840820312,409.3301696777344,640.0,461.4263916015625,0.8360534906387329,3
234.05099487304688,198.4033660888672,247.6302032470703,212.7716522216797,0.08015670627355576,3
