xmin,ymin,xmax,ymax,score,label
499.8163146972656,365.93182373046875,638.66552734375,451.1510314941406,0.991212785243988,3
