xmin,ymin,xmax,ymax,score,label
455.9443664550781,336.6161193847656,597.38330078125,417.3929748535156,0.9975518584251404,3
509.5179443359375,345.2174377441406,530.4684448242188,363.51025390625,0.23087409138679504,1
