xmin,ymin,xmax,ymax,score,label
431.064208984375,311.4259338378906,537.4502563476562,376.8663024902344,0.997174859046936,3
467.2326965332031,318.10028076171875,483.5528869628906,334.5306396484375,0.06466555595397949,1
