xmin,ymin,xmax,ymax,score,label
406.5780334472656,294.2521057128906,497.7016296386719,349.1258239746094,0.9961221814155579,3
