xmin,ymin,xmax,ymax,score,label
390.2964782714844,281.7634582519531,463.81158447265625,325.1533203125,0.9974107146263123,3
