xmin,ymin,xmax,ymax,score,label
236.93849182128906,199.77581787109375,246.97535705566406,211.3837127685547,0.1827705055475235,3
