xmin,ymin,xmax,ymax,score,label
377.9444885253906,270.2293701171875,440.5295104980469,310.835693359375,0.993563175201416,3
