xmin,ymin,xmax,ymax,score,label
367.49786376953125,262.1712646484375,419.0836181640625,298.22955322265625,0.9913546442985535,3
