xmin,ymin,xmax,ymax,score,label
357.00421142578125,255.81459045410156,403.0758361816406,288.50408935546875,0.9926043748855591,3
