xmin,ymin,xmax,ymax,score,label
345.9378356933594,250.78504943847656,389.6988830566406,279.0743103027344,0.9944382905960083,3
