xmin,ymin,xmax,ymax,score,label
338.96954345703125,246.8509063720703,378.0370178222656,271.29986572265625,0.9941346049308777,3
