xmin,ymin,xmax,ymax,score,label
335.23858642578125,241.31143188476562,367.9989013671875,265.7071533203125,0.9624270796775818,3
334.0692138671875,241.23214721679688,368.27227783203125,265.8280334472656,0.06346460431814194,8
