xmin,ymin,xmax,ymax,score,label
327.4289245605469,238.62620544433594,359.747802734375,260.0131530761719,0.9823185801506042,3
295.947509765625,239.30120849609375,318.95751953125,255.23439025878906,0.09947683662176132,3
