xmin,ymin,xmax,ymax,score,label
325.1510925292969,236.05374145507812,351.71240234375,256.1735534667969,0.9694980382919312,3
320.9095764160156,234.9701690673828,352.9522705078125,255.83079528808594,0.06135161966085434,8
