xmin,ymin,xmax,ymax,score,label
317.69024658203125,233.89089965820312,346.2851867675781,252.00343322753906,0.9317626357078552,3
319.0274963378906,234.33485412597656,345.7995300292969,253.0259246826172,0.09953581541776657,8
