xmin,ymin,xmax,ymax,score,label
315.50506591796875,231.8282928466797,339.5675048828125,248.61074829101562,0.9873009920120239,3
