xmin,ymin,xmax,ymax,score,label
312.2140808105469,229.4127960205078,334.5575866699219,245.2349090576172,0.9467269778251648,3
296.69873046875,239.8837890625,317.11688232421875,255.32614135742188,0.36722463369369507,3
310.7035217285156,229.04830932617188,333.75494384765625,244.5570831298828,0.16430453956127167,8
