xmin,ymin,xmax,ymax,score,label
307.294921875,226.77784729003906,329.5786437988281,242.97396850585938,0.9417283535003662,3
304.3448791503906,225.9178466796875,328.9290466308594,241.94491577148438,0.11942814290523529,8
237.96644592285156,198.8580780029297,247.7118682861328,211.87310791015625,0.05351170897483826,3
