xmin,ymin,xmax,ymax,score,label
305.72259521484375,225.53976440429688,325.2703552246094,240.3465118408203,0.921328067779541,3
302.3203430175781,224.79000854492188,324.690185546875,240.2368927001953,0.16564734280109406,8
237.59024047851562,199.30491638183594,247.29913330078125,212.02191162109375,0.10171759128570557,3
