xmin,ymin,xmax,ymax,score,label
302.0610656738281,224.14427185058594,321.1570129394531,238.64036560058594,0.9714398980140686,3
237.84735107421875,199.33544921875,247.35935974121094,212.19737243652344,0.17416329681873322,3
298.13739013671875,240.1080780029297,318.06298828125,255.24745178222656,0.11229734122753143,3
300.0320129394531,223.22007751464844,321.1153564453125,238.1913604736328,0.05919631943106651,8
299.8097229003906,224.1439208984375,322.1408386230469,250.1317901611328,0.05721551924943924,3
