xmin,ymin,xmax,ymax,score,label
298.6271057128906,223.0247344970703,317.1766662597656,235.5697784423828,0.982822597026825,3
237.59181213378906,200.08486938476562,247.24307250976562,211.97731018066406,0.22425097227096558,3
297.9992980957031,240.5014190673828,318.0615234375,255.2977752685547,0.07293560355901718,3
