xmin,ymin,xmax,ymax,score,label
295.19805908203125,220.62969970703125,314.1153259277344,232.95468139648438,0.9800546169281006,3
294.628662109375,220.59957885742188,306.3046875,230.99913024902344,0.1758493334054947,3
284.89691162109375,210.14956665039062,299.1865234375,219.25914001464844,0.081573486328125,3
301.6167297363281,220.29393005371094,315.563720703125,230.40870666503906,0.06087329983711243,3
