xmin,ymin,xmax,ymax,score,label
293.6127014160156,219.3584442138672,309.7900085449219,231.3306121826172,0.9631314277648926,3
292.2337341308594,218.93072509765625,310.1446838378906,231.39364624023438,0.11826962232589722,8
286.2474365234375,210.86895751953125,297.5301513671875,217.736328125,0.06256032735109329,3
