xmin,ymin,xmax,ymax,score,label
291.481201171875,218.7777862548828,306.9008483886719,230.66323852539062,0.9587287306785583,3
285.5126953125,210.63754272460938,295.53680419921875,216.64724731445312,0.1273304522037506,3
289.0490417480469,218.2483367919922,299.5868835449219,227.7381134033203,0.10063323378562927,3
289.974853515625,218.64064025878906,306.7447204589844,230.39312744140625,0.07926414906978607,8
