xmin,ymin,xmax,ymax,score,label
288.615966796875,217.69935607910156,304.7430114746094,228.93199157714844,0.9111276268959045,3
287.3778381347656,217.29359436035156,304.9488525390625,228.54981994628906,0.13243454694747925,8
286.9471740722656,217.44496154785156,298.99786376953125,226.53948974609375,0.05292867496609688,3
