xmin,ymin,xmax,ymax,score,label
287.29913330078125,216.62330627441406,301.1028137207031,227.5019989013672,0.9207338094711304,3
286.00714111328125,216.49765014648438,301.4602966308594,227.6602783203125,0.10500365495681763,8
283.86114501953125,210.92613220214844,295.4734191894531,215.77146911621094,0.1006818413734436,3
293.6974182128906,218.93109130859375,303.3857727050781,227.71168518066406,0.09644102305173874,3
284.6485290527344,216.2788543701172,296.2342529296875,225.89981079101562,0.09477866441011429,3
238.523681640625,203.00697326660156,299.2500305175781,227.1752471923828,0.09008383005857468,8
297.49822998046875,219.87156677246094,303.9114074707031,226.96177673339844,0.08884728699922562,3
